Fields/Model Name,Fields/Field Name
mrp.bom,active
mrp.bom,allow_operation_dependencies
mrp.bom,analytic_account_ids
mrp.bom,analytic_distribution
mrp.bom,analytic_distribution_search
mrp.bom,analytic_distribution_text
mrp.bom,analytic_precision
mrp.bom,bom_line_ids
mrp.bom,byproduct_ids
mrp.bom,code
mrp.bom,company_id
mrp.bom,consumption
mrp.bom,create_date
mrp.bom,create_uid
mrp.bom,days_to_prepare_mo
mrp.bom,display_name
mrp.bom,has_message
mrp.bom,id
mrp.bom,message_attachment_count
mrp.bom,message_follower_ids
mrp.bom,message_has_error
mrp.bom,message_has_error_counter
mrp.bom,message_has_sms_error
mrp.bom,message_ids
mrp.bom,message_is_follower
mrp.bom,message_needaction
mrp.bom,message_needaction_counter
mrp.bom,message_partner_ids
mrp.bom,operation_ids
mrp.bom,picking_type_id
mrp.bom,possible_product_template_attribute_value_ids
mrp.bom,produce_delay
mrp.bom,product_id
mrp.bom,product_qty
mrp.bom,product_tmpl_id
mrp.bom,product_uom_category_id
mrp.bom,product_uom_id
mrp.bom,rating_ids
mrp.bom,ready_to_produce
mrp.bom,sequence
mrp.bom,subcontractor_ids
mrp.bom,type
mrp.bom,website_message_ids
mrp.bom,write_date
mrp.bom,write_uid
mrp.production,activity_calendar_event_id
mrp.production,activity_date_deadline
mrp.production,activity_exception_decoration
mrp.production,activity_exception_icon
mrp.production,activity_ids
mrp.production,activity_state
mrp.production,activity_summary
mrp.production,activity_type_icon
mrp.production,activity_type_id
mrp.production,activity_user_id
mrp.production,all_move_ids
mrp.production,all_move_raw_ids
mrp.production,allow_workorder_dependencies
mrp.production,analytic_account_ids
mrp.production,analytic_distribution
mrp.production,analytic_distribution_search
mrp.production,analytic_precision
mrp.production,backorder_sequence
mrp.production,bom_id
mrp.production,bom_product_ids
mrp.production,company_id
mrp.production,components_availability
mrp.production,components_availability_state
mrp.production,confirm_cancel
mrp.production,consumption
mrp.production,create_date
mrp.production,create_uid
mrp.production,date_deadline
mrp.production,date_finished
mrp.production,date_start
mrp.production,delay_alert_date
mrp.production,delivery_count
mrp.production,display_name
mrp.production,duration
mrp.production,duration_expected
mrp.production,extra_cost
mrp.production,finished_move_line_ids
mrp.production,forecasted_issue
mrp.production,has_message
mrp.production,id
mrp.production,incoming_picking
mrp.production,is_locked
mrp.production,is_outdated_bom
mrp.production,is_planned
mrp.production,json_popover
mrp.production,location_dest_id
mrp.production,location_src_id
mrp.production,lot_producing_id
mrp.production,message_attachment_count
mrp.production,message_follower_ids
mrp.production,message_has_error
mrp.production,message_has_error_counter
mrp.production,message_has_sms_error
mrp.production,message_ids
mrp.production,message_is_follower
mrp.production,message_needaction
mrp.production,message_needaction_counter
mrp.production,message_partner_ids
mrp.production,move_byproduct_ids
mrp.production,move_dest_ids
mrp.production,move_finished_ids
mrp.production,move_line_raw_ids
mrp.production,move_raw_ids
mrp.production,mrp_production_backorder_count
mrp.production,mrp_production_child_count
mrp.production,mrp_production_source_count
mrp.production,my_activity_date_deadline
mrp.production,name
mrp.production,orderpoint_id
mrp.production,origin
mrp.production,picking_ids
mrp.production,picking_type_id
mrp.production,priority
mrp.production,procurement_group_id
mrp.production,product_description_variants
mrp.production,product_id
mrp.production,product_qty
mrp.production,product_tmpl_id
mrp.production,product_tracking
mrp.production,product_uom_category_id
mrp.production,product_uom_id
mrp.production,product_uom_qty
mrp.production,product_variant_attributes
mrp.production,production_capacity
mrp.production,production_location_id
mrp.production,propagate_cancel
mrp.production,purchase_order_count
mrp.production,qty_produced
mrp.production,qty_producing
mrp.production,rating_ids
mrp.production,reservation_state
mrp.production,reserve_visible
mrp.production,sale_order_count
mrp.production,scrap_count
mrp.production,scrap_ids
mrp.production,show_allocation
mrp.production,show_final_lots
mrp.production,show_lock
mrp.production,show_lot_ids
mrp.production,show_produce
mrp.production,show_produce_all
mrp.production,show_serial_mass_produce
mrp.production,show_valuation
mrp.production,state
mrp.production,subcontracting_has_been_recorded
mrp.production,subcontractor_id
mrp.production,unbuild_count
mrp.production,unbuild_ids
mrp.production,unreserve_visible
mrp.production,use_auto_consume_components_lots
mrp.production,use_create_components_lots
mrp.production,user_id
mrp.production,warehouse_id
mrp.production,website_message_ids
mrp.production,workcenter_id
mrp.production,workorder_ids
mrp.production,write_date
mrp.production,write_uid
mrp.unbuild,activity_calendar_event_id
mrp.unbuild,activity_date_deadline
mrp.unbuild,activity_exception_decoration
mrp.unbuild,activity_exception_icon
mrp.unbuild,activity_ids
mrp.unbuild,activity_state
mrp.unbuild,activity_summary
mrp.unbuild,activity_type_icon
mrp.unbuild,activity_type_id
mrp.unbuild,activity_user_id
mrp.unbuild,bom_id
mrp.unbuild,company_id
mrp.unbuild,consume_line_ids
mrp.unbuild,create_date
mrp.unbuild,create_uid
mrp.unbuild,display_name
mrp.unbuild,has_message
mrp.unbuild,has_tracking
mrp.unbuild,id
mrp.unbuild,location_dest_id
mrp.unbuild,location_id
mrp.unbuild,lot_id
mrp.unbuild,message_attachment_count
mrp.unbuild,message_follower_ids
mrp.unbuild,message_has_error
mrp.unbuild,message_has_error_counter
mrp.unbuild,message_has_sms_error
mrp.unbuild,message_ids
mrp.unbuild,message_is_follower
mrp.unbuild,message_needaction
mrp.unbuild,message_needaction_counter
mrp.unbuild,message_partner_ids
mrp.unbuild,mo_bom_id
mrp.unbuild,mo_id
mrp.unbuild,my_activity_date_deadline
mrp.unbuild,name
mrp.unbuild,produce_line_ids
mrp.unbuild,product_id
mrp.unbuild,product_qty
mrp.unbuild,product_uom_id
mrp.unbuild,rating_ids
mrp.unbuild,state
mrp.unbuild,website_message_ids
mrp.unbuild,write_date
mrp.unbuild,write_uid
mrp.workcenter.tag,color
mrp.workcenter.tag,create_date
mrp.workcenter.tag,create_uid
mrp.workcenter.tag,display_name
mrp.workcenter.tag,id
mrp.workcenter.tag,name
mrp.workcenter.tag,write_date
mrp.workcenter.tag,write_uid
,
mrp.production.backorder.line,create_date
mrp.production.backorder.line,create_uid
mrp.production.backorder.line,display_name
mrp.production.backorder.line,id
mrp.production.backorder.line,mrp_production_backorder_id
mrp.production.backorder.line,mrp_production_id
mrp.production.backorder.line,to_backorder
mrp.production.backorder.line,write_date
mrp.production.backorder.line,write_uid
mrp.bom.line,allowed_operation_ids
mrp.bom.line,attachments_count
mrp.bom.line,bom_id
mrp.bom.line,bom_product_template_attribute_value_ids
mrp.bom.line,child_bom_id
mrp.bom.line,child_line_ids
mrp.bom.line,company_id
mrp.bom.line,cost_share
mrp.bom.line,create_date
mrp.bom.line,create_uid
mrp.bom.line,display_name
mrp.bom.line,id
mrp.bom.line,manual_consumption
mrp.bom.line,manual_consumption_readonly
mrp.bom.line,operation_id
mrp.bom.line,parent_product_tmpl_id
mrp.bom.line,possible_bom_product_template_attribute_value_ids
mrp.bom.line,product_id
mrp.bom.line,product_qty
mrp.bom.line,product_tmpl_id
mrp.bom.line,product_uom_category_id
mrp.bom.line,product_uom_id
mrp.bom.line,sequence
mrp.bom.line,tracking
mrp.bom.line,write_date
mrp.bom.line,write_uid
mrp.bom.byproduct,allowed_operation_ids
mrp.bom.byproduct,bom_id
mrp.bom.byproduct,bom_product_template_attribute_value_ids
mrp.bom.byproduct,company_id
mrp.bom.byproduct,cost_share
mrp.bom.byproduct,create_date
mrp.bom.byproduct,create_uid
mrp.bom.byproduct,display_name
mrp.bom.byproduct,id
mrp.bom.byproduct,operation_id
mrp.bom.byproduct,possible_bom_product_template_attribute_value_ids
mrp.bom.byproduct,product_id
mrp.bom.byproduct,product_qty
mrp.bom.byproduct,product_uom_category_id
mrp.bom.byproduct,product_uom_id
mrp.bom.byproduct,sequence
mrp.bom.byproduct,write_date
mrp.bom.byproduct,write_uid
mrp.consumption.warning.line,consumption
mrp.consumption.warning.line,create_date
mrp.consumption.warning.line,create_uid
mrp.consumption.warning.line,display_name
mrp.consumption.warning.line,id
mrp.consumption.warning.line,mrp_consumption_warning_id
mrp.consumption.warning.line,mrp_production_id
mrp.consumption.warning.line,product_consumed_qty_uom
mrp.consumption.warning.line,product_expected_qty_uom
mrp.consumption.warning.line,product_id
mrp.consumption.warning.line,product_uom_id
mrp.consumption.warning.line,write_date
mrp.consumption.warning.line,write_uid
,
mrp.report.wizard,create_date
mrp.report.wizard,create_uid
mrp.report.wizard,date_from
mrp.report.wizard,display_name
mrp.report.wizard,filter
mrp.report.wizard,filter_user
mrp.report.wizard,id
mrp.report.wizard,product_id
mrp.report.wizard,responsible_id
mrp.report.wizard,state
mrp.report.wizard,write_date
mrp.report.wizard,write_uid
mrp.workcenter.productivity.loss.type,create_date
mrp.workcenter.productivity.loss.type,create_uid
mrp.workcenter.productivity.loss.type,display_name
mrp.workcenter.productivity.loss.type,id
mrp.workcenter.productivity.loss.type,loss_type
mrp.workcenter.productivity.loss.type,write_date
mrp.workcenter.productivity.loss.type,write_uid
mrp.operation.dashboard,color
mrp.operation.dashboard,count_in_progress
mrp.operation.dashboard,count_late
mrp.operation.dashboard,count_todo
mrp.operation.dashboard,count_waiting
mrp.operation.dashboard,create_date
mrp.operation.dashboard,create_uid
mrp.operation.dashboard,display_name
mrp.operation.dashboard,id
mrp.operation.dashboard,name
mrp.operation.dashboard,operation_type_id
mrp.operation.dashboard,warehouse_id
mrp.operation.dashboard,write_date
mrp.operation.dashboard,write_uid
mrp.document,access_token
mrp.document,active
mrp.document,checksum
mrp.document,company_id
mrp.document,create_date
mrp.document,create_uid
mrp.document,datas
mrp.document,db_datas
mrp.document,description
mrp.document,display_name
mrp.document,file_size
mrp.document,id
mrp.document,image_height
mrp.document,image_src
mrp.document,image_width
mrp.document,index_content
mrp.document,ir_attachment_id
mrp.document,key
mrp.document,local_url
mrp.document,mimetype
mrp.document,name
mrp.document,original_id
mrp.document,priority
mrp.document,public
mrp.document,raw
mrp.document,res_field
mrp.document,res_id
mrp.document,res_model
mrp.document,res_name
mrp.document,store_fname
mrp.document,theme_template_id
mrp.document,type
mrp.document,url
mrp.document,voice_ids
mrp.document,website_id
mrp.document,write_date
mrp.document,write_uid
mrp.production.split.line,create_date
mrp.production.split.line,create_uid
mrp.production.split.line,date
mrp.production.split.line,display_name
mrp.production.split.line,id
mrp.production.split.line,mrp_production_split_id
mrp.production.split.line,quantity
mrp.production.split.line,user_id
mrp.production.split.line,write_date
mrp.production.split.line,write_uid
mrp.consumption.warning,consumption
mrp.consumption.warning,create_date
mrp.consumption.warning,create_uid
mrp.consumption.warning,display_name
mrp.consumption.warning,id
mrp.consumption.warning,mrp_consumption_warning_line_ids
mrp.consumption.warning,mrp_production_count
mrp.consumption.warning,mrp_production_ids
mrp.consumption.warning,write_date
mrp.consumption.warning,write_uid
mrp.production.split.multi,create_date
mrp.production.split.multi,create_uid
mrp.production.split.multi,display_name
mrp.production.split.multi,id
mrp.production.split.multi,production_ids
mrp.production.split.multi,write_date
mrp.production.split.multi,write_uid
mrp.production.split,counter
mrp.production.split,create_date
mrp.production.split,create_uid
mrp.production.split,display_name
mrp.production.split,id
mrp.production.split,product_id
mrp.production.split,product_qty
mrp.production.split,product_uom_id
mrp.production.split,production_capacity
mrp.production.split,production_detailed_vals_ids
mrp.production.split,production_id
mrp.production.split,production_split_multi_id
mrp.production.split,valid_details
mrp.production.split,write_date
mrp.production.split,write_uid
mrp.production.backorder,create_date
mrp.production.backorder,create_uid
mrp.production.backorder,display_name
mrp.production.backorder,id
mrp.production.backorder,mrp_production_backorder_line_ids
mrp.production.backorder,mrp_production_ids
mrp.production.backorder,show_backorder_lines
mrp.production.backorder,write_date
mrp.production.backorder,write_uid
mrp.workcenter,active
mrp.workcenter,alternative_workcenter_ids
mrp.workcenter,analytic_distribution
mrp.workcenter,analytic_distribution_search
mrp.workcenter,analytic_precision
mrp.workcenter,blocked_time
mrp.workcenter,capacity_ids
mrp.workcenter,code
mrp.workcenter,color
mrp.workcenter,company_id
mrp.workcenter,costs_hour
mrp.workcenter,costs_hour_account_ids
mrp.workcenter,create_date
mrp.workcenter,create_uid
mrp.workcenter,currency_id
mrp.workcenter,default_capacity
mrp.workcenter,display_name
mrp.workcenter,has_routing_lines
mrp.workcenter,id
mrp.workcenter,name
mrp.workcenter,note
mrp.workcenter,oee
mrp.workcenter,oee_target
mrp.workcenter,order_ids
mrp.workcenter,performance
mrp.workcenter,productive_time
mrp.workcenter,resource_calendar_id
mrp.workcenter,resource_id
mrp.workcenter,routing_line_ids
mrp.workcenter,sequence
mrp.workcenter,tag_ids
mrp.workcenter,time_efficiency
mrp.workcenter,time_ids
mrp.workcenter,time_start
mrp.workcenter,time_stop
mrp.workcenter,tz
mrp.workcenter,workcenter_load
mrp.workcenter,working_state
mrp.workcenter,workorder_count
mrp.workcenter,workorder_late_count
mrp.workcenter,workorder_pending_count
mrp.workcenter,workorder_progress_count
mrp.workcenter,workorder_ready_count
mrp.workcenter,write_date
mrp.workcenter,write_uid
mrp.workcenter.capacity,capacity
mrp.workcenter.capacity,create_date
mrp.workcenter.capacity,create_uid
mrp.workcenter.capacity,display_name
mrp.workcenter.capacity,id
mrp.workcenter.capacity,product_id
mrp.workcenter.capacity,product_uom_id
mrp.workcenter.capacity,time_start
mrp.workcenter.capacity,time_stop
mrp.workcenter.capacity,workcenter_id
mrp.workcenter.capacity,write_date
mrp.workcenter.capacity,write_uid
mrp.routing.workcenter,active
mrp.routing.workcenter,allow_operation_dependencies
mrp.routing.workcenter,blocked_by_operation_ids
mrp.routing.workcenter,bom_id
mrp.routing.workcenter,bom_product_template_attribute_value_ids
mrp.routing.workcenter,company_id
mrp.routing.workcenter,create_date
mrp.routing.workcenter,create_uid
mrp.routing.workcenter,display_name
mrp.routing.workcenter,id
mrp.routing.workcenter,name
mrp.routing.workcenter,needed_by_operation_ids
mrp.routing.workcenter,note
mrp.routing.workcenter,possible_bom_product_template_attribute_value_ids
mrp.routing.workcenter,sequence
mrp.routing.workcenter,time_computed_on
mrp.routing.workcenter,time_cycle
mrp.routing.workcenter,time_cycle_manual
mrp.routing.workcenter,time_mode
mrp.routing.workcenter,time_mode_batch
mrp.routing.workcenter,workcenter_id
mrp.routing.workcenter,workorder_count
mrp.routing.workcenter,workorder_ids
mrp.routing.workcenter,worksheet
mrp.routing.workcenter,worksheet_google_slide
mrp.routing.workcenter,worksheet_type
mrp.routing.workcenter,write_date
mrp.routing.workcenter,write_uid
mrp.workorder,allow_workorder_dependencies
mrp.workorder,barcode
mrp.workorder,blocked_by_workorder_ids
mrp.workorder,company_id
mrp.workorder,consumption
mrp.workorder,costs_hour
mrp.workorder,create_date
mrp.workorder,create_uid
mrp.workorder,date_finished
mrp.workorder,date_start
mrp.workorder,display_name
mrp.workorder,duration
mrp.workorder,duration_expected
mrp.workorder,duration_percent
mrp.workorder,duration_unit
mrp.workorder,finished_lot_id
mrp.workorder,id
mrp.workorder,is_planned
mrp.workorder,is_produced
mrp.workorder,is_user_working
mrp.workorder,json_popover
mrp.workorder,last_working_user_id
mrp.workorder,leave_id
mrp.workorder,mo_analytic_account_line_ids
mrp.workorder,move_finished_ids
mrp.workorder,move_line_ids
mrp.workorder,move_raw_ids
mrp.workorder,name
mrp.workorder,needed_by_workorder_ids
mrp.workorder,operation_id
mrp.workorder,operation_note
mrp.workorder,product_id
mrp.workorder,product_tracking
mrp.workorder,product_uom_id
mrp.workorder,production_availability
mrp.workorder,production_bom_id
mrp.workorder,production_date
mrp.workorder,production_id
mrp.workorder,production_state
mrp.workorder,progress
mrp.workorder,qty_produced
mrp.workorder,qty_producing
mrp.workorder,qty_production
mrp.workorder,qty_remaining
mrp.workorder,qty_reported_from_previous_wo
mrp.workorder,scrap_count
mrp.workorder,scrap_ids
mrp.workorder,show_json_popover
mrp.workorder,state
mrp.workorder,time_ids
mrp.workorder,wc_analytic_account_line_ids
mrp.workorder,workcenter_id
mrp.workorder,working_state
mrp.workorder,working_user_ids
mrp.workorder,worksheet
mrp.workorder,worksheet_google_slide
mrp.workorder,worksheet_type
mrp.workorder,write_date
mrp.workorder,write_uid
mrp.workorder.dashboard,color
mrp.workorder.dashboard,count_workorders
mrp.workorder.dashboard,create_date
mrp.workorder.dashboard,create_uid
mrp.workorder.dashboard,display_name
mrp.workorder.dashboard,duration_expected
mrp.workorder.dashboard,id
mrp.workorder.dashboard,name
mrp.workorder.dashboard,workcenter_id
mrp.workorder.dashboard,write_date
mrp.workorder.dashboard,write_uid
mrp.workcenter.productivity,company_id
mrp.workcenter.productivity,create_date
mrp.workcenter.productivity,create_uid
mrp.workcenter.productivity,date_end
mrp.workcenter.productivity,date_start
mrp.workcenter.productivity,description
mrp.workcenter.productivity,display_name
mrp.workcenter.productivity,duration
mrp.workcenter.productivity,id
mrp.workcenter.productivity,loss_id
mrp.workcenter.productivity,loss_type
mrp.workcenter.productivity,production_id
mrp.workcenter.productivity,user_id
mrp.workcenter.productivity,workcenter_id
mrp.workcenter.productivity,workorder_id
mrp.workcenter.productivity,write_date
mrp.workcenter.productivity,write_uid
mrp.workcenter.productivity.loss,create_date
mrp.workcenter.productivity.loss,create_uid
mrp.workcenter.productivity.loss,display_name
mrp.workcenter.productivity.loss,id
mrp.workcenter.productivity.loss,loss_id
mrp.workcenter.productivity.loss,loss_type
mrp.workcenter.productivity.loss,manual
mrp.workcenter.productivity.loss,name
mrp.workcenter.productivity.loss,sequence
mrp.workcenter.productivity.loss,write_date
mrp.workcenter.productivity.loss,write_uid
mrp.dashboard,color
mrp.dashboard,count_mo_in_progress
mrp.dashboard,count_mo_late
mrp.dashboard,count_mo_ready
mrp.dashboard,count_mo_waiting
mrp.dashboard,create_date
mrp.dashboard,create_uid
mrp.dashboard,display_name
mrp.dashboard,id
mrp.dashboard,name
mrp.dashboard,write_date
mrp.dashboard,write_uid